,statusCode,message
0,401,Access denied due to invalid subscription key. Make sure to provide a valid key for an active subscription.
0,401,Access denied due to invalid subscription key. Make sure to provide a valid key for an active subscription.
0,401,Access denied due to invalid subscription key. Make sure to provide a valid key for an active subscription.
0,401,Access denied due to invalid subscription key. Make sure to provide a valid key for an active subscription.
0,401,Access denied due to invalid subscription key. Make sure to provide a valid key for an active subscription.
0,401,Access denied due to invalid subscription key. Make sure to provide a valid key for an active subscription.
0,401,Access denied due to invalid subscription key. Make sure to provide a valid key for an active subscription.
0,401,Access denied due to invalid subscription key. Make sure to provide a valid key for an active subscription.
0,401,Access denied due to invalid subscription key. Make sure to provide a valid key for an active subscription.
0,401,Access denied due to invalid subscription key. Make sure to provide a valid key for an active subscription.
0,401,Access denied due to invalid subscription key. Make sure to provide a valid key for an active subscription.
0,401,Access denied due to invalid subscription key. Make sure to provide a valid key for an active subscription.
0,401,Access denied due to invalid subscription key. Make sure to provide a valid key for an active subscription.
0,401,Access denied due to invalid subscription key. Make sure to provide a valid key for an active subscription.
0,401,Access denied due to invalid subscription key. Make sure to provide a valid key for an active subscription.
0,401,Access denied due to invalid subscription key. Make sure to provide a valid key for an active subscription.
0,401,Access denied due to invalid subscription key. Make sure to provide a valid key for an active subscription.
0,401,Access denied due to invalid subscription key. Make sure to provide a valid key for an active subscription.
0,401,Access denied due to invalid subscription key. Make sure to provide a valid key for an active subscription.
0,401,Access denied due to invalid subscription key. Make sure to provide a valid key for an active subscription.
0,401,Access denied due to invalid subscription key. Make sure to provide a valid key for an active subscription.
0,401,Access denied due to invalid subscription key. Make sure to provide a valid key for an active subscription.
0,401,Access denied due to invalid subscription key. Make sure to provide a valid key for an active subscription.
0,401,Access denied due to invalid subscription key. Make sure to provide a valid key for an active subscription.
0,401,Access denied due to invalid subscription key. Make sure to provide a valid key for an active subscription.
0,401,Access denied due to invalid subscription key. Make sure to provide a valid key for an active subscription.
0,401,Access denied due to invalid subscription key. Make sure to provide a valid key for an active subscription.
0,401,Access denied due to invalid subscription key. Make sure to provide a valid key for an active subscription.
0,401,Access denied due to invalid subscription key. Make sure to provide a valid key for an active subscription.
0,401,Access denied due to invalid subscription key. Make sure to provide a valid key for an active subscription.
0,401,Access denied due to invalid subscription key. Make sure to provide a valid key for an active subscription.
0,401,Access denied due to invalid subscription key. Make sure to provide a valid key for an active subscription.
0,401,Access denied due to invalid subscription key. Make sure to provide a valid key for an active subscription.
0,401,Access denied due to invalid subscription key. Make sure to provide a valid key for an active subscription.
0,401,Access denied due to invalid subscription key. Make sure to provide a valid key for an active subscription.
0,401,Access denied due to invalid subscription key. Make sure to provide a valid key for an active subscription.
0,401,Access denied due to invalid subscription key. Make sure to provide a valid key for an active subscription.
0,401,Access denied due to invalid subscription key. Make sure to provide a valid key for an active subscription.
0,401,Access denied due to invalid subscription key. Make sure to provide a valid key for an active subscription.
0,401,Access denied due to invalid subscription key. Make sure to provide a valid key for an active subscription.
0,401,Access denied due to invalid subscription key. Make sure to provide a valid key for an active subscription.
0,401,Access denied due to invalid subscription key. Make sure to provide a valid key for an active subscription.
0,401,Access denied due to invalid subscription key. Make sure to provide a valid key for an active subscription.
0,401,Access denied due to invalid subscription key. Make sure to provide a valid key for an active subscription.
0,401,Access denied due to invalid subscription key. Make sure to provide a valid key for an active subscription.
0,401,Access denied due to invalid subscription key. Make sure to provide a valid key for an active subscription.
0,401,Access denied due to invalid subscription key. Make sure to provide a valid key for an active subscription.
0,401,Access denied due to invalid subscription key. Make sure to provide a valid key for an active subscription.
0,401,Access denied due to invalid subscription key. Make sure to provide a valid key for an active subscription.
0,401,Access denied due to invalid subscription key. Make sure to provide a valid key for an active subscription.
0,401,Access denied due to invalid subscription key. Make sure to provide a valid key for an active subscription.
